"Model","HR","CI_lower","CI_upper","p_value"
"Unweighted",0.340687933370447,0.186217076197915,0.623295512495678,0.00047612932084588
"IPW-Weighted",0.480471912659238,0.204142979477946,1.13084103820169,0.0932681740150297
